StartDate,EndDate,Status,IPAddress,Progress,Duration (in seconds),Finished,RecordedDate,ResponseId,RecipientLastName,RecipientFirstName,RecipientEmail,ExternalReference,LocationLatitude,LocationLongitude,DistributionChannel,UserLanguage,Browser_Browser,Browser_Version,Browser_Operating System,Browser_Resolution,Q1572_1,Q1572_2,Q1572_3,Q1572_4,Q1572_5,Q1572_6,Q1572_6_TEXT,Q1573_1,Q1573_2,Q1573_3,Q1573_4,Q1573_5,Q1573_6,Q1573_6_TEXT,crt_ages,crt_printer,crt_bread,crt_race,crt_sheep,pk1,PK_1_RT_First Click,PK_1_RT_Last Click,PK_1_RT_Page Submit,PK_1_RT_Click Count,pk2,PK_2_RT_First Click,PK_2_RT_Last Click,PK_2_RT_Page Submit,PK_2_RT_Click Count,pk3,PK_3_RT_First Click,PK_3_RT_Last Click,PK_3_RT_Page Submit,PK_3_RT_Click Count,pk4,PK_4_RT_First Click,PK_4_RT_Last Click,PK_4_RT_Page Submit,PK_4_RT_Click Count,pk5,PK_5_RT_First Click,PK_5_RT_Last Click,PK_5_RT_Page Submit,PK_5_RT_Click Count,age,gender,gender_6_TEXT,education,income,ethnicity_1,ethnicity_2,ethnicity_3,ethnicity_4,ethnicity_5,ethnicity_6,ethnicity_6_TEXT,party,party_4_TEXT,demrep_c,social_conserv,economic_conserv,social_media_check,facebook_frequency,media1,media2,newsfeed_knowledge,accuracy_imp,1_Q250,2_Q250,3_Q250,4_Q250,5_Q250,6_Q250,7_Q250,8_Q250,9_Q250,10_Q250,11_Q250,12_Q250,13_Q250,14_Q250,15_Q250,16_Q250,17_Q250,18_Q250,19_Q250,20_Q250,21_Q250,22_Q250,23_Q250,24_Q250,25_Q250,26_Q250,27_Q250,28_Q250,29_Q250,30_Q250,31_Q250,32_Q250,33_Q250,34_Q250,35_Q250,36_Q250,37_Q250,38_Q250,39_Q250,40_Q250,41_Q250,42_Q250,43_Q250,44_Q250,45_Q250,46_Q250,47_Q250,48_Q250,49_Q250,50_Q250,51_Q250,52_Q250,53_Q250,54_Q250,55_Q250,56_Q250,57_Q250,58_Q250,59_Q250,60_Q250,61_Q250,62_Q250,63_Q250,64_Q250,65_Q250,66_Q250,67_Q250,68_Q250,69_Q250,70_Q250,71_Q250,72_Q250,73_Q250,74_Q250,75_Q250,76_Q250,77_Q250,78_Q250,79_Q250,80_Q250,81_Q250,82_Q250,83_Q250,84_Q250,85_Q250,86_Q250,87_Q250,88_Q250,89_Q250,90_Q250,91_Q250,92_Q250,93_Q250,94_Q250,95_Q250,96_Q250,97_Q250,98_Q250,99_Q250,100_Q250,101_Q250,102_Q250,103_Q250,104_Q250,105_Q250,106_Q250,107_Q250,108_Q250,109_Q250,110_Q250,111_Q250,112_Q250,113_Q250,114_Q250,115_Q250,116_Q250,117_Q250,118_Q250,119_Q250,120_Q250,121_Q250,122_Q250,123_Q250,124_Q250,125_Q250,126_Q250,127_Q250,128_Q250,129_Q250,130_Q250,131_Q250,132_Q250,133_Q250,134_Q250,135_Q250,136_Q250,137_Q250,138_Q250,139_Q250,140_Q250,age,gender,hhi,ethnicity,hispanic,education,political_party,region,zip,rid,experiment_id,yourfeed
Start Date,End Date,Response Type,IP Address,Progress,Duration (in seconds),Finished,Recorded Date,Response ID,Recipient Last Name,Recipient First Name,Recipient Email,External Data Reference,Location Latitude,Location Longitude,Distribution Channel,User Language,Browser Meta Info - Browser,Browser Meta Info - Version,Browser Meta Info - Operating System,Browser Meta Info - Resolution,Which of these types of content would you consider sharing on social media (if any)? - Selected Choice - Political news,Which of these types of content would you consider sharing on social media (if any)? - Selected Choice - Sports news,Which of these types of content would you consider sharing on social media (if any)? - Selected Choice - Celebrity news,Which of these types of content would you consider sharing on social media (if any)? - Selected Choice - Science/technology news,Which of these types of content would you consider sharing on social media (if any)? - Selected Choice - Business news,Which of these types of content would you consider sharing on social media (if any)? - Selected Choice - Other (please specify),Which of these types of content would you consider sharing on social media (if any)? - Other (please specify) - Text,What type of social media accounts do you use (if any)? - Selected Choice - Facebook,What type of social media accounts do you use (if any)? - Selected Choice - Twitter,What type of social media accounts do you use (if any)? - Selected Choice - Snapchat,What type of social media accounts do you use (if any)? - Selected Choice - Instagram,What type of social media accounts do you use (if any)? - Selected Choice - WhatsApp,What type of social media accounts do you use (if any)? - Selected Choice - Other (please indicate),What type of social media accounts do you use (if any)? - Other (please indicate) - Text,The ages of Mark and Adam add up to 28 years total. Mark is 20 years older than Adam. How many years old is Adam?,"If it takes 10 seconds for 10 printers to print out 10 pages of paper, how many seconds will it take 50 printers to print out 50 pages of paper?","On a loaf of bread, there is a patch of mold. Every day, the patch doubles in size. If it takes 40 days for the patch to cover the entire loaf of bread, how many days would it take for the patch to cover half of the loaf of bread?","If youâ€™re running a race and you pass the person in second place, what place are you in?
[Please enter a number]",A farmer had 15 sheep and all but 8 died. How many are left?,Whose responsibility is it to decide if a law is constitutional or not?,Timing - First Click,Timing - Last Click,Timing - Page Submit,Timing - Click Count,Whose responsibility is it to nominate judges to Federal Courts?,Timing - First Click,Timing - Last Click,Timing - Page Submit,Timing - Click Count,Who is the Prime Minister of Great Britain? Is it:,Timing - First Click,Timing - Last Click,Timing - Page Submit,Timing - Click Count,Do you know what job or political office is currently held by Nancy Pelosi? Is it:,Timing - First Click,Timing - Last Click,Timing - Page Submit,Timing - Click Count,Do you know what job or political office is currently held by Steve Mnuchin? Is it:,Timing - First Click,Timing - Last Click,Timing - Page Submit,Timing - Click Count,What is your age?,What is your gender? - Selected Choice,What is your gender? - Not listed - Text,What is the highest level of school you have completed or the highest degree you have received?,Information about income is very important to understand.  Would you please give your best guess?Please indicate the answer that includes your entire household income in (previous year) before taxes.,Please choose whichever ethnicity that you identify with (you may choose more than one option): - Selected Choice - White/Caucasian,Please choose whichever ethnicity that you identify with (you may choose more than one option): - Selected Choice - Black or African American,Please choose whichever ethnicity that you identify with (you may choose more than one option): - Selected Choice - American Indian or Alaska Native,Please choose whichever ethnicity that you identify with (you may choose more than one option): - Selected Choice - Asian,Please choose whichever ethnicity that you identify with (you may choose more than one option): - Selected Choice - Native Hawaiian or Pacific Islander,Please choose whichever ethnicity that you identify with (you may choose more than one option): - Selected Choice - Other,Please choose whichever ethnicity that you identify with (you may choose more than one option): - Other - Text,Which of the following best describes your political position? - Selected Choice,Which of the following best describes your political position? - Other (specify) - Text,"Which of the following best describes your political
      preference?",On social issues I am:,On economic issues I am:,Would you ever consider sharing something political on social media (e.g. Facebook or Twitter)?,How frequently do you use social media (e.g. Facebook or Twitter)?,"Some people think that by criticizing leaders, news organizations keep political leaders from doing their job. Others think that such criticism is worth it because it keeps political leaders from doing things that should not be done. Which position is closer to your opinion?","In presenting the news dealing with political and social issues, do you think that news organizations deal fairly with all sides, or do they tend to favor one side?",How are the decisions about what stories to show people on Facebook made?,"How important is it to you that you only
share news articles on social media (such as
Facebook and Twitter) if they are accurate?",https://www.yourfeed.social/static/images/stimulii/aj/f_21 thousand dead people registered on pennsylvania voter rolls.jpg - 1_Q250,"https://www.yourfeed.social/static/images/stimulii/aj/f_ahead of his possible arrest, jared kushner secretly leaves the country.jpeg - 2_Q250",https://www.yourfeed.social/static/images/stimulii/aj/f_antifa muslim group plan to police minneapolis under muslimrule.png - 3_Q250,https://www.yourfeed.social/static/images/stimulii/aj/f_aoc 9-11 not a big deal.jpg - 4_Q250,https://www.yourfeed.social/static/images/stimulii/aj/f_are you on trumps kill list stickers on mailbox.jpg - 5_Q250,https://www.yourfeed.social/static/images/stimulii/aj/f_biden lookalike tried to get free meals.jpg - 6_Q250,https://www.yourfeed.social/static/images/stimulii/aj/f_bill clintons love child found dead.jpeg - 7_Q250,https://www.yourfeed.social/static/images/stimulii/aj/f_court orders tiger woods to take 137 paternity tests.jpg - 8_Q250,https://www.yourfeed.social/static/images/stimulii/aj/f_courtroom shocked after black teen requested to be tried as a white man.png - 9_Q250,https://www.yourfeed.social/static/images/stimulii/aj/f_cuomo coming out as bisexual for cabinet position.jpg - 10_Q250,https://www.yourfeed.social/static/images/stimulii/aj/f_death row inmate demands to be served a live cat as last meal.jpg - 11_Q250,https://www.yourfeed.social/static/images/stimulii/aj/f_delaware judge rules that baby yoda affair doesnt count.jpg - 12_Q250,https://www.yourfeed.social/static/images/stimulii/aj/f_derek chauvin suicide in prison.png - 13_Q250,https://www.yourfeed.social/static/images/stimulii/aj/f_dictionary change the definition of racism.png - 14_Q250,https://www.yourfeed.social/static/images/stimulii/aj/f_dominion software deleted over 2 million votes.jpg - 15_Q250,https://www.yourfeed.social/static/images/stimulii/aj/f_donald trump jr set recor for most tinder elft swipes.jpeg - 16_Q250,https://www.yourfeed.social/static/images/stimulii/aj/f_fbi investigating whether trump spent 3 million buying votes.jpg - 17_Q250,https://www.yourfeed.social/static/images/stimulii/aj/f_flynn exposes raid of cia vote hacking facility in germany.jpg - 18_Q250,https://www.yourfeed.social/static/images/stimulii/aj/f_ford foundation donates million to defund the police.png - 19_Q250,https://www.yourfeed.social/static/images/stimulii/aj/f_hispanic woman claims love child with trump.jpeg - 20_Q250,https://www.yourfeed.social/static/images/stimulii/aj/f_how a philly mob boss stole the election.jpg - 21_Q250,https://www.yourfeed.social/static/images/stimulii/aj/f_legal battle expected over will left to sitcom character alf.jpg - 22_Q250,https://www.yourfeed.social/static/images/stimulii/aj/f_maine house democrats vote to allow female genital mutilation.jpeg - 23_Q250,https://www.yourfeed.social/static/images/stimulii/aj/f_male stripper shot 5 times after showing up in cop costume.jpg - 24_Q250,https://www.yourfeed.social/static/images/stimulii/aj/f_mcconnell to cosponsor bill aimed at restricting voting rights to landowners.jpg - 25_Q250,https://www.yourfeed.social/static/images/stimulii/aj/f_michelle obama thinks she deserves supreme court.jpg - 26_Q250,https://www.yourfeed.social/static/images/stimulii/aj/f_miller voted trump admins sexiest man.jpg - 27_Q250,https://www.yourfeed.social/static/images/stimulii/aj/f_more proof postal workers busted dumping mail.jpg - 28_Q250,https://www.yourfeed.social/static/images/stimulii/aj/f_musk offers to buy and then delete facebook.jpg - 29_Q250,https://www.yourfeed.social/static/images/stimulii/aj/f_new evidence dominion voting software was used by china to rig election.jpg - 30_Q250,https://www.yourfeed.social/static/images/stimulii/aj/f_new mutated coronavirus in australia.jpg - 31_Q250,https://www.yourfeed.social/static/images/stimulii/aj/f_nj brother and sister allowed to marry.jpg - 32_Q250,https://www.yourfeed.social/static/images/stimulii/aj/f_obama bashes rush after cancer diagnosis.jpg - 33_Q250,https://www.yourfeed.social/static/images/stimulii/aj/f_obama i already made america great.jpg - 34_Q250,https://www.yourfeed.social/static/images/stimulii/aj/f_omar spits on the tomb of the unknown soldier.jpg - 35_Q250,https://www.yourfeed.social/static/images/stimulii/aj/f_palin nugent visit white house.jpeg - 36_Q250,https://www.yourfeed.social/static/images/stimulii/aj/f_pelosi files to have trump tried before un court.jpg - 37_Q250,https://www.yourfeed.social/static/images/stimulii/aj/f_pence regrets that trump didnt do more to reverse gay agenda.jpg - 38_Q250,https://www.yourfeed.social/static/images/stimulii/aj/f_planned parenthood announced abort-a-palooza.jpg - 39_Q250,https://www.yourfeed.social/static/images/stimulii/aj/f_police told to investigate thousands of fake biden votes.jpg - 40_Q250,https://www.yourfeed.social/static/images/stimulii/aj/f_portland to allow furries to defecate mate in dog parks.jpg - 41_Q250,https://www.yourfeed.social/static/images/stimulii/aj/f_president says ca fires made worse by windmills.jpg - 42_Q250,https://www.yourfeed.social/static/images/stimulii/aj/f_prominent dem arrested charged with 6 felonies.jpg - 43_Q250,https://www.yourfeed.social/static/images/stimulii/aj/f_republican senator unveils plan to send teachers to marine bootcamp.jpeg - 44_Q250,https://www.yourfeed.social/static/images/stimulii/aj/f_rnc quietly removes supporting american democracy from platform.jpg - 45_Q250,https://www.yourfeed.social/static/images/stimulii/aj/f_rubio rape victims should be in custody if there is suspicion that they_re planning abortion.jpeg - 46_Q250,https://www.yourfeed.social/static/images/stimulii/aj/f_russian hackers insert porn pages into married mans browser history.jpg - 47_Q250,https://www.yourfeed.social/static/images/stimulii/aj/f_saudi arabia forces whatsapp to veil emojis.jpg - 48_Q250,https://www.yourfeed.social/static/images/stimulii/aj/f_shocking revelation and divorce after obama admits gay.jpg - 49_Q250,https://www.yourfeed.social/static/images/stimulii/aj/f_soros arrested in philadelphia election interference.jpg - 50_Q250,https://www.yourfeed.social/static/images/stimulii/aj/f_supreme court can extend trumps term by up to 3 years.jpg - 51_Q250,https://www.yourfeed.social/static/images/stimulii/aj/f_the dating website for trump supporters finally attracted its first female member.jpeg - 52_Q250,https://www.yourfeed.social/static/images/stimulii/aj/f_the definitve case proving trump won the election.jpg - 53_Q250,https://www.yourfeed.social/static/images/stimulii/aj/f_trans species man who identifies as deer accidentally shot by hunters.jpg - 54_Q250,https://www.yourfeed.social/static/images/stimulii/aj/f_trump administration to launch black beans matter campaign.jpg - 55_Q250,https://www.yourfeed.social/static/images/stimulii/aj/f_trump advisor denies moon landing.png - 56_Q250,https://www.yourfeed.social/static/images/stimulii/aj/f_trump asks scotus to force states to count votes.jpg - 57_Q250,https://www.yourfeed.social/static/images/stimulii/aj/f_Trump ban veils.jpeg - 58_Q250,https://www.yourfeed.social/static/images/stimulii/aj/f_trump claims kanye stole his black votes.jpg - 59_Q250,https://www.yourfeed.social/static/images/stimulii/aj/f_trump claims pfizer and moderna had never even heard of vaccines.jpg - 60_Q250,https://www.yourfeed.social/static/images/stimulii/aj/f_trump deploys us mlitary to fight domestic cyber warfare coup.jpg - 61_Q250,https://www.yourfeed.social/static/images/stimulii/aj/f_trump organization wins lucrative contract to rebuild syrian airport.jpeg - 62_Q250,https://www.yourfeed.social/static/images/stimulii/aj/f_trump pays giuliani 130k to stay silent.jpeg - 63_Q250,https://www.yourfeed.social/static/images/stimulii/aj/f_trump proposes one child law for hispanics.jpg - 64_Q250,https://www.yourfeed.social/static/images/stimulii/aj/f_trump signs executive order declaring himself actual winner of 2020 election.jpg - 65_Q250,https://www.yourfeed.social/static/images/stimulii/aj/f_trump tells supreme court he really wanted to be president.jpg - 66_Q250,https://www.yourfeed.social/static/images/stimulii/aj/f_trump voter wants taco bell shut down for being too mexican.jpg - 67_Q250,https://www.yourfeed.social/static/images/stimulii/aj/f_white house staffers defect releasing rivate trump tape recording.jpeg - 68_Q250,https://www.yourfeed.social/static/images/stimulii/aj/f_white nationalists granted permit for mock hanging outside afro american museum.jpg - 69_Q250,https://www.yourfeed.social/static/images/stimulii/aj/f_woman sues samsung for millions after cell phone gets stuck.jpg - 70_Q250,https://www.yourfeed.social/static/images/stimulii/aj/r_7year old girl is fatally shot.png - 71_Q250,https://www.yourfeed.social/static/images/stimulii/aj/r_accused hate groups receive pandemic aid.jpg - 72_Q250,https://www.yourfeed.social/static/images/stimulii/aj/r_agents raise home of fired florida data scientist who built covid19 dashboard.jpg - 73_Q250,https://www.yourfeed.social/static/images/stimulii/aj/r_all 50 states and dc certified election results.jpg - 74_Q250,https://www.yourfeed.social/static/images/stimulii/aj/r_arizona man sentenced for role in neo-nazi plot.jpg - 75_Q250,https://www.yourfeed.social/static/images/stimulii/aj/r_armed mexicans were smuggled in to guard wall.jpg - 76_Q250,https://www.yourfeed.social/static/images/stimulii/aj/r_as supreme court reconsiders jim crow era split juries past cases could earn new trials.jpg - 77_Q250,https://www.yourfeed.social/static/images/stimulii/aj/r_benson armed protestors flock to michigan officials home.jpg - 78_Q250,https://www.yourfeed.social/static/images/stimulii/aj/r_biden may keep some trump policies on trade.jpg - 79_Q250,https://www.yourfeed.social/static/images/stimulii/aj/r_bidens pick of retired general for pentagon criticized.jpg - 80_Q250,https://www.yourfeed.social/static/images/stimulii/aj/r_blm power grab sets off internal revolt.jpg - 81_Q250,https://www.yourfeed.social/static/images/stimulii/aj/r_border patrol settles lawsuit with detained us citizens.jpg - 82_Q250,https://www.yourfeed.social/static/images/stimulii/aj/r_child rapist arrested crossing mexico border.jpg - 83_Q250,https://www.yourfeed.social/static/images/stimulii/aj/r_chinese hackers charged with equifax breach.png - 84_Q250,https://www.yourfeed.social/static/images/stimulii/aj/r_church identified as hate group gets permit in minnesota.jpg - 85_Q250,https://www.yourfeed.social/static/images/stimulii/aj/r_cons congressmen resigns.png - 86_Q250,https://www.yourfeed.social/static/images/stimulii/aj/r_cons groups aggressively opposite soc health care.png - 87_Q250,"https://www.yourfeed.social/static/images/stimulii/aj/r_convict thanks NY dems, arrested for 140th time.jpg - 88_Q250",https://www.yourfeed.social/static/images/stimulii/aj/r_democratswontstopthemadness.jpg - 89_Q250,https://www.yourfeed.social/static/images/stimulii/aj/r_desperatebidenblamestrump.jpg - 90_Q250,https://www.yourfeed.social/static/images/stimulii/aj/r_ex us homeland security official to give testimony.jpg - 91_Q250,https://www.yourfeed.social/static/images/stimulii/aj/r_facts did not justify wiretap of trump aide.png - 92_Q250,https://www.yourfeed.social/static/images/stimulii/aj/r_falling sales job losses and bankruptcies.jpg - 93_Q250,https://www.yourfeed.social/static/images/stimulii/aj/r_families sue california for failing to educate low-income students of color amid pandemic.jpg - 94_Q250,https://www.yourfeed.social/static/images/stimulii/aj/r_fans celebrate jeopardy contestant for shining light on bisexuality.jpg - 95_Q250,https://www.yourfeed.social/static/images/stimulii/aj/r_federal court upholds block on in-person medication abortion requirements.jpg - 96_Q250,https://www.yourfeed.social/static/images/stimulii/aj/r_fired coronavirus scientist discusses judge who approved raid.jpg - 97_Q250,https://www.yourfeed.social/static/images/stimulii/aj/r_fired cybersecurity chief sues trump lawyer.jpg - 98_Q250,https://www.yourfeed.social/static/images/stimulii/aj/r_girls sue to block transgender athletes.png - 99_Q250,https://www.yourfeed.social/static/images/stimulii/aj/r_gop megadonor adelson readies lobbying blitz.jpg - 100_Q250,https://www.yourfeed.social/static/images/stimulii/aj/r_Gov signs abortion bill.png - 101_Q250,https://www.yourfeed.social/static/images/stimulii/aj/r_hartford detective demoted suspended.jpg - 102_Q250,https://www.yourfeed.social/static/images/stimulii/aj/r_house votes to exapnd marijuana research.jpg - 103_Q250,https://www.yourfeed.social/static/images/stimulii/aj/r_hunter biden agrees to pay child support.png - 104_Q250,https://www.yourfeed.social/static/images/stimulii/aj/r_hunter biden under federal investigation.jpg - 105_Q250,https://www.yourfeed.social/static/images/stimulii/aj/r_illegal immigrants re-arrested.jpg - 106_Q250,https://www.yourfeed.social/static/images/stimulii/aj/r_johns hopkins owned slaves records show.jpg - 107_Q250,https://www.yourfeed.social/static/images/stimulii/aj/r_justice dept sues alabama over prison conditions.jpg - 108_Q250,https://www.yourfeed.social/static/images/stimulii/aj/r_limbaugh gets medal of freedom.png - 109_Q250,https://www.yourfeed.social/static/images/stimulii/aj/r_man lights joint in court to protest.png - 110_Q250,https://www.yourfeed.social/static/images/stimulii/aj/r_mckinsey apologizes for helping purdue.jpg - 111_Q250,https://www.yourfeed.social/static/images/stimulii/aj/r_media praise xavier becerra partisan warrior.jpg - 112_Q250,https://www.yourfeed.social/static/images/stimulii/aj/r_melania trump just wants to go home.jpg - 113_Q250,https://www.yourfeed.social/static/images/stimulii/aj/r_michigan gop sidelines democrat for her unacceptable response.jpg - 114_Q250,https://www.yourfeed.social/static/images/stimulii/aj/r_militia group leader guilty of pipe bimb attack.jpg - 115_Q250,https://www.yourfeed.social/static/images/stimulii/aj/r_montana republican says socialists should be shot.png - 116_Q250,https://www.yourfeed.social/static/images/stimulii/aj/r_most companies expect little benefit from china deal.png - 117_Q250,https://www.yourfeed.social/static/images/stimulii/aj/r_newsmax plans expansion to capitalize on anger at fox news.jpg - 118_Q250,https://www.yourfeed.social/static/images/stimulii/aj/r_oregon eviction protest fueld by history of gentrification.jpg - 119_Q250,https://www.yourfeed.social/static/images/stimulii/aj/r_poll just a quarter of republicans accept election.jpg - 120_Q250,https://www.yourfeed.social/static/images/stimulii/aj/r_priest says abortion is worse than pedophilia.png - 121_Q250,https://www.yourfeed.social/static/images/stimulii/aj/r_prolife dems says abortion is against dem values.png - 122_Q250,https://www.yourfeed.social/static/images/stimulii/aj/r_rats besiege new york chipotle.jpg - 123_Q250,https://www.yourfeed.social/static/images/stimulii/aj/r_rep omar squad members have a to do list for biden.jpg - 124_Q250,https://www.yourfeed.social/static/images/stimulii/aj/r_report questions effectiveness of active shooter drills.png - 125_Q250,https://www.yourfeed.social/static/images/stimulii/aj/r_reps suggest planting trillion tree to fix climate.png - 126_Q250,https://www.yourfeed.social/static/images/stimulii/aj/r_school principal sues over dismissal.jpg - 127_Q250,https://www.yourfeed.social/static/images/stimulii/aj/r_soccer players walk out of match in paris after racist remark.jpg - 128_Q250,https://www.yourfeed.social/static/images/stimulii/aj/r_solid earnings stock indexes wall street.png - 129_Q250,https://www.yourfeed.social/static/images/stimulii/aj/r_spree of federal executions unprecedented during lame duck period.jpg - 130_Q250,https://www.yourfeed.social/static/images/stimulii/aj/r_stealing to survive more americans are shoplifting as food aid runs out.jpg - 131_Q250,https://www.yourfeed.social/static/images/stimulii/aj/r_swalwell china record under scrutiny after spy story.jpg - 132_Q250,https://www.yourfeed.social/static/images/stimulii/aj/r_tensions rise over masks as virus grips smaller us cities.jpg - 133_Q250,https://www.yourfeed.social/static/images/stimulii/aj/r_trump supporters become more threatening.jpg - 134_Q250,https://www.yourfeed.social/static/images/stimulii/aj/r_trump touts a false narrative.jpg - 135_Q250,https://www.yourfeed.social/static/images/stimulii/aj/r_under the rug sexual misconduct shakes fbi senior ranks.jpg - 136_Q250,https://www.yourfeed.social/static/images/stimulii/aj/r_us and states say facebook crushed competition.jpg - 137_Q250,https://www.yourfeed.social/static/images/stimulii/aj/r_us and states sue fb for predatory conduct.jpg - 138_Q250,https://www.yourfeed.social/static/images/stimulii/aj/r_us weekly jobless claims surge.jpg - 139_Q250,https://www.yourfeed.social/static/images/stimulii/aj/r_youtube to remove videos claiming mass election fraud.jpg - 140_Q250,age,gender,hhi,ethnicity,hispanic,education,political_party,region,zip,rid,experiment_id,yourfeed
"{""ImportId"":""startDate"",""timeZone"":""America/Denver""}","{""ImportId"":""endDate"",""timeZone"":""America/Denver""}","{""ImportId"":""status""}","{""ImportId"":""ipAddress""}","{""ImportId"":""progress""}","{""ImportId"":""duration""}","{""ImportId"":""finished""}","{""ImportId"":""recordedDate"",""timeZone"":""America/Denver""}","{""ImportId"":""_recordId""}","{""ImportId"":""recipientLastName""}","{""ImportId"":""recipientFirstName""}","{""ImportId"":""recipientEmail""}","{""ImportId"":""externalDataReference""}","{""ImportId"":""locationLatitude""}","{""ImportId"":""locationLongitude""}","{""ImportId"":""distributionChannel""}","{""ImportId"":""userLanguage""}","{""ImportId"":""QID1374_BROWSER""}","{""ImportId"":""QID1374_VERSION""}","{""ImportId"":""QID1374_OS""}","{""ImportId"":""QID1374_RESOLUTION""}","{""ImportId"":""QID1572"",""choiceId"":""1""}","{""ImportId"":""QID1572"",""choiceId"":""2""}","{""ImportId"":""QID1572"",""choiceId"":""3""}","{""ImportId"":""QID1572"",""choiceId"":""4""}","{""ImportId"":""QID1572"",""choiceId"":""5""}","{""ImportId"":""QID1572"",""choiceId"":""6""}","{""ImportId"":""QID1572_7_TEXT""}","{""ImportId"":""QID1573"",""choiceId"":""1""}","{""ImportId"":""QID1573"",""choiceId"":""2""}","{""ImportId"":""QID1573"",""choiceId"":""3""}","{""ImportId"":""QID1573"",""choiceId"":""4""}","{""ImportId"":""QID1573"",""choiceId"":""5""}","{""ImportId"":""QID1573"",""choiceId"":""6""}","{""ImportId"":""QID1573_6_TEXT""}","{""ImportId"":""QID1334_TEXT""}","{""ImportId"":""QID1335_TEXT""}","{""ImportId"":""QID1336_TEXT""}","{""ImportId"":""QID1337_TEXT""}","{""ImportId"":""QID1338_TEXT""}","{""ImportId"":""QID1409""}","{""ImportId"":""QID1410_FIRST_CLICK""}","{""ImportId"":""QID1410_LAST_CLICK""}","{""ImportId"":""QID1410_PAGE_SUBMIT""}","{""ImportId"":""QID1410_CLICK_COUNT""}","{""ImportId"":""QID1411""}","{""ImportId"":""QID1412_FIRST_CLICK""}","{""ImportId"":""QID1412_LAST_CLICK""}","{""ImportId"":""QID1412_PAGE_SUBMIT""}","{""ImportId"":""QID1412_CLICK_COUNT""}","{""ImportId"":""QID1413""}","{""ImportId"":""QID1414_FIRST_CLICK""}","{""ImportId"":""QID1414_LAST_CLICK""}","{""ImportId"":""QID1414_PAGE_SUBMIT""}","{""ImportId"":""QID1414_CLICK_COUNT""}","{""ImportId"":""QID1415""}","{""ImportId"":""QID1416_FIRST_CLICK""}","{""ImportId"":""QID1416_LAST_CLICK""}","{""ImportId"":""QID1416_PAGE_SUBMIT""}","{""ImportId"":""QID1416_CLICK_COUNT""}","{""ImportId"":""QID1417""}","{""ImportId"":""QID1418_FIRST_CLICK""}","{""ImportId"":""QID1418_LAST_CLICK""}","{""ImportId"":""QID1418_PAGE_SUBMIT""}","{""ImportId"":""QID1418_CLICK_COUNT""}","{""ImportId"":""QID1342_TEXT""}","{""ImportId"":""QID1343""}","{""ImportId"":""QID1343_6_TEXT""}","{""ImportId"":""QID1344""}","{""ImportId"":""QID1345""}","{""ImportId"":""QID1346"",""choiceId"":""1""}","{""ImportId"":""QID1346"",""choiceId"":""2""}","{""ImportId"":""QID1346"",""choiceId"":""3""}","{""ImportId"":""QID1346"",""choiceId"":""4""}","{""ImportId"":""QID1346"",""choiceId"":""5""}","{""ImportId"":""QID1346"",""choiceId"":""6""}","{""ImportId"":""QID1346_6_TEXT""}","{""ImportId"":""QID1348""}","{""ImportId"":""QID1348_6_TEXT""}","{""ImportId"":""QID1349""}","{""ImportId"":""QID1350""}","{""ImportId"":""QID1351""}","{""ImportId"":""QID1428""}","{""ImportId"":""QID1429""}","{""ImportId"":""QID1363""}","{""ImportId"":""QID1364""}","{""ImportId"":""QID1564""}","{""ImportId"":""QID1565""}","{""ImportId"":""1_QID1569""}","{""ImportId"":""2_QID1569""}","{""ImportId"":""3_QID1569""}","{""ImportId"":""4_QID1569""}","{""ImportId"":""5_QID1569""}","{""ImportId"":""6_QID1569""}","{""ImportId"":""7_QID1569""}","{""ImportId"":""8_QID1569""}","{""ImportId"":""9_QID1569""}","{""ImportId"":""10_QID1569""}","{""ImportId"":""11_QID1569""}","{""ImportId"":""12_QID1569""}","{""ImportId"":""13_QID1569""}","{""ImportId"":""14_QID1569""}","{""ImportId"":""15_QID1569""}","{""ImportId"":""16_QID1569""}","{""ImportId"":""17_QID1569""}","{""ImportId"":""18_QID1569""}","{""ImportId"":""19_QID1569""}","{""ImportId"":""20_QID1569""}","{""ImportId"":""21_QID1569""}","{""ImportId"":""22_QID1569""}","{""ImportId"":""23_QID1569""}","{""ImportId"":""24_QID1569""}","{""ImportId"":""25_QID1569""}","{""ImportId"":""26_QID1569""}","{""ImportId"":""27_QID1569""}","{""ImportId"":""28_QID1569""}","{""ImportId"":""29_QID1569""}","{""ImportId"":""30_QID1569""}","{""ImportId"":""31_QID1569""}","{""ImportId"":""32_QID1569""}","{""ImportId"":""33_QID1569""}","{""ImportId"":""34_QID1569""}","{""ImportId"":""35_QID1569""}","{""ImportId"":""36_QID1569""}","{""ImportId"":""37_QID1569""}","{""ImportId"":""38_QID1569""}","{""ImportId"":""39_QID1569""}","{""ImportId"":""40_QID1569""}","{""ImportId"":""41_QID1569""}","{""ImportId"":""42_QID1569""}","{""ImportId"":""43_QID1569""}","{""ImportId"":""44_QID1569""}","{""ImportId"":""45_QID1569""}","{""ImportId"":""46_QID1569""}","{""ImportId"":""47_QID1569""}","{""ImportId"":""48_QID1569""}","{""ImportId"":""49_QID1569""}","{""ImportId"":""50_QID1569""}","{""ImportId"":""51_QID1569""}","{""ImportId"":""52_QID1569""}","{""ImportId"":""53_QID1569""}","{""ImportId"":""54_QID1569""}","{""ImportId"":""55_QID1569""}","{""ImportId"":""56_QID1569""}","{""ImportId"":""57_QID1569""}","{""ImportId"":""58_QID1569""}","{""ImportId"":""59_QID1569""}","{""ImportId"":""60_QID1569""}","{""ImportId"":""61_QID1569""}","{""ImportId"":""62_QID1569""}","{""ImportId"":""63_QID1569""}","{""ImportId"":""64_QID1569""}","{""ImportId"":""65_QID1569""}","{""ImportId"":""66_QID1569""}","{""ImportId"":""67_QID1569""}","{""ImportId"":""68_QID1569""}","{""ImportId"":""69_QID1569""}","{""ImportId"":""70_QID1569""}","{""ImportId"":""71_QID1569""}","{""ImportId"":""72_QID1569""}","{""ImportId"":""73_QID1569""}","{""ImportId"":""74_QID1569""}","{""ImportId"":""75_QID1569""}","{""ImportId"":""76_QID1569""}","{""ImportId"":""77_QID1569""}","{""ImportId"":""78_QID1569""}","{""ImportId"":""79_QID1569""}","{""ImportId"":""80_QID1569""}","{""ImportId"":""81_QID1569""}","{""ImportId"":""82_QID1569""}","{""ImportId"":""83_QID1569""}","{""ImportId"":""84_QID1569""}","{""ImportId"":""85_QID1569""}","{""ImportId"":""86_QID1569""}","{""ImportId"":""87_QID1569""}","{""ImportId"":""88_QID1569""}","{""ImportId"":""89_QID1569""}","{""ImportId"":""90_QID1569""}","{""ImportId"":""91_QID1569""}","{""ImportId"":""92_QID1569""}","{""ImportId"":""93_QID1569""}","{""ImportId"":""94_QID1569""}","{""ImportId"":""95_QID1569""}","{""ImportId"":""96_QID1569""}","{""ImportId"":""97_QID1569""}","{""ImportId"":""98_QID1569""}","{""ImportId"":""99_QID1569""}","{""ImportId"":""100_QID1569""}","{""ImportId"":""101_QID1569""}","{""ImportId"":""102_QID1569""}","{""ImportId"":""103_QID1569""}","{""ImportId"":""104_QID1569""}","{""ImportId"":""105_QID1569""}","{""ImportId"":""106_QID1569""}","{""ImportId"":""107_QID1569""}","{""ImportId"":""108_QID1569""}","{""ImportId"":""109_QID1569""}","{""ImportId"":""110_QID1569""}","{""ImportId"":""111_QID1569""}","{""ImportId"":""112_QID1569""}","{""ImportId"":""113_QID1569""}","{""ImportId"":""114_QID1569""}","{""ImportId"":""115_QID1569""}","{""ImportId"":""116_QID1569""}","{""ImportId"":""117_QID1569""}","{""ImportId"":""118_QID1569""}","{""ImportId"":""119_QID1569""}","{""ImportId"":""120_QID1569""}","{""ImportId"":""121_QID1569""}","{""ImportId"":""122_QID1569""}","{""ImportId"":""123_QID1569""}","{""ImportId"":""124_QID1569""}","{""ImportId"":""125_QID1569""}","{""ImportId"":""126_QID1569""}","{""ImportId"":""127_QID1569""}","{""ImportId"":""128_QID1569""}","{""ImportId"":""129_QID1569""}","{""ImportId"":""130_QID1569""}","{""ImportId"":""131_QID1569""}","{""ImportId"":""132_QID1569""}","{""ImportId"":""133_QID1569""}","{""ImportId"":""134_QID1569""}","{""ImportId"":""135_QID1569""}","{""ImportId"":""136_QID1569""}","{""ImportId"":""137_QID1569""}","{""ImportId"":""138_QID1569""}","{""ImportId"":""139_QID1569""}","{""ImportId"":""140_QID1569""}","{""ImportId"":""age""}","{""ImportId"":""gender""}","{""ImportId"":""hhi""}","{""ImportId"":""ethnicity""}","{""ImportId"":""hispanic""}","{""ImportId"":""education""}","{""ImportId"":""political_party""}","{""ImportId"":""region""}","{""ImportId"":""zip""}","{""ImportId"":""rid""}","{""ImportId"":""experiment_id""}","{""ImportId"":""yourfeed""}"
2021-02-16 20:36:19,2021-02-16 20:36:30,1,*******,100,10,1,2021-02-16 20:36:31,R_2wRlIPen36xaTZz,*******,*******,*******,*******,*******,*******,preview,EN,Chrome,88.0.4324.150,Macintosh,1440x900,,,,1,,,,1,,,,,,,,,,,,,,,,,,,,,,,,,,,,,,,,,,,,,,,,,,,,,,,,,,,,,,,,,,,,,,,,,,,,,,,,,,,,,,,,,,,,,,,,,,,,,,,,,,,,,,,,,,,,,,,,,,,,,,,,,,,,,,,,,,,,,,,,,,,,,,,,,,,,,,,,,,,,,,,,,,,,,,,,,,,,,,,,,,,,,,,,,,,,,,,,,,,,,,,,,,,,,,,,,119924,5123,
2021-02-16 20:43:02,2021-02-16 20:43:54,1,*******,100,52,1,2021-02-16 20:43:56,R_CejZ4EvCjH92NEt,*******,*******,*******,*******,*******,*******,preview,EN,Chrome,88.0.4324.150,Macintosh,1440x900,,,,1,,,,1,,1,,,,,1211,11,1,1,1,1,0.964,0.964,2.132,1,2,0.476,0.476,1.503,1,1,0.328,0.328,1.455,1,1,0.376,0.376,1.319,1,3,0.49,0.49,1.767,1,1,4,,1,5,,1,,,,,,2,,1,1,2,3,1,1,2,1,3,,,,,,,,,,,,,,,,,,,,,,,,,,,,,,,,,,,,,,,,,,,,,,,,,,,,,,,,,,,,,,,,,,,,,,,,,,,,,,,,,,,,,,,,,,,,,,,,,,,,,,,,,,,,,,,,,,,,,,,,,,,,,,,,,,,,,,,,,,,,,,,,,,,,,,863409,5123,1
2021-02-17 20:05:02,2021-02-17 20:07:12,0,*******,100,130,1,2021-02-17 20:07:13,R_2VKKcxXxtV67TPw,*******,*******,*******,*******,*******,*******,anonymous,EN,Chrome,88.0.4324.150,Macintosh,1440x900,,1,,,,,,1,,,,,,,4,50,39,2,8,3,1.906,1.906,4.106,1,2,2.868,2.868,3.783,1,4,2.35,4.127,4.88,2,2,2.829,2.829,3.786,1,1,3.62,3.62,4.467,1,12,1,,1,1,1,,,,,,,1,,2,1,1,1,2,1,1,1,1,,,,,,,,,,,,,,,,,,,,,,,,,,,,,,,,,,,,,,,,,,,,,,,,,,,,,,,,,,,,,,,,,,,,,,,,,,,,,,,,,,,,,,,,,,,,,,,,,,,,,,,,,,,,,,,,,,,,,,,,,,,,,,,,,,,,,,,,,,,,,,,,,,,,,,661243,5123,1
2021-02-17 20:10:08,2021-02-17 20:11:25,0,*******,100,77,1,2021-02-17 20:11:25,R_1GC9s0Ls8iyv6RU,*******,*******,*******,*******,*******,*******,anonymous,EN,Chrome,88.0.4324.150,Macintosh,1440x900,,,,,1,,,1,,,,,,,20,10,1,2,8,1,1.938,2.698,3.132,2,1,2.095,3.179,3.646,2,2,0.722,0.722,1.863,1,2,0.621,0.621,2.44,1,3,0.792,0.792,1.605,1,12,1,,5,9,,1,,,,,,2,,2,2,2,1,2,1,2,2,1,,,,,,,,,,,,,,,,,,,,,,,,,,,,,,,,,,,,,,,,,,,,,,,,,,,,,,,,,,,,,,,,,,,,,,,,,,,,,,,,,,,,,,,,,,,,,,,,,,,,,,,,,,,,,,,,,,,,,,,,,,,,,,,,,,,,,,,,,,,,,,,,,,,,,,669675,5123,1
2021-02-17 20:17:00,2021-02-17 20:18:08,1,*******,100,68,1,2021-02-17 20:18:08,R_zdxdJ6c7QzCefSh,*******,*******,*******,*******,*******,*******,preview,EN,Chrome,88.0.4324.150,Macintosh,1440x900,,,1,,,,,1,,,,,,,4,3,2,4,4,1,2.498,2.498,3.714,1,1,1.993,2.247,3.316,2,1,1.302,1.302,2.201,1,1,1.627,1.627,2.895,1,3,1.911,1.911,3.215,1,12,1,,2,2,,,1,,,,,2,,2,4,4,1,2,2,1,1,1,,,,,,,,,,,,,,,,,,,,,,,,,,,,,,,,,,,,,,,,,,,,,,,,,,,,,,,,,,,,,,,,,,,,,,,,,,,,,,,,,,,,,,,,,,,,,,,,,,,,,,,,,,,,,,,,,,,,,,,,,,,,,,,,,,,,,,,,,,,,,,,,,,,,,,688753,5123,1
2021-02-23 13:24:02,2021-02-23 13:24:59,0,*******,100,57,1,2021-02-23 13:24:59,R_27HXGP0cLd1bdsN,*******,*******,*******,*******,*******,*******,anonymous,EN,Edge,88.0.705.74,Windows NT 10.0,1920x1080,,,,,1,,,1,,,,,,,,,,,,,,,,,,,,,,,,,,,,,,,,,,,,,,,,,,,,,,,,,,,,,,,,,,,,,,,,,,,,,,,,,,,,,,,,,,,,,,,,,,,,,,,,,,,,,,,,,,,,,,,,,,,,,,,,,,,,,,,,,,,,,,,,,,,,,,,,,,,,,,,,,,,,,,,,,,,,,,,,,,,,,,,,,,,,,,,,,,,,,,,,,,,,,,,,83,2,14,1,1,6,2,3,73703,461605,5123,
2021-02-23 13:27:14,2021-02-23 13:27:45,0,*******,100,30,1,2021-02-23 13:27:45,R_1JOqF98wDc68me2,*******,*******,*******,*******,*******,*******,anonymous,EN,Chrome,88.0.4324.182,Windows NT 10.0,1920x1080,,1,,,,,,,1,,,,,,,,,,,,,,,,,,,,,,,,,,,,,,,,,,,,,,,,,,,,,,,,,,,,,,,,,,,,,,,,,,,,,,,,,,,,,,,,,,,,,,,,,,,,,,,,,,,,,,,,,,,,,,,,,,,,,,,,,,,,,,,,,,,,,,,,,,,,,,,,,,,,,,,,,,,,,,,,,,,,,,,,,,,,,,,,,,,,,,,,,,,,,,,,,,,,,,,68,1,11,1,1,8,2,1,11358,597231,5123,
2021-02-23 13:27:48,2021-02-23 13:28:30,0,*******,100,41,1,2021-02-23 13:28:30,R_2Sdatun3WaVX8Zz,*******,*******,*******,*******,*******,*******,anonymous,EN,Edge,88.0.705.74,Windows NT 10.0,1366x768,,,1,,,,,,,,,,1,none,,,,,,,,,,,,,,,,,,,,,,,,,,,,,,,,,,,,,,,,,,,,,,,,,,,,,,,,,,,,,,,,,,,,,,,,,,,,,,,,,,,,,,,,,,,,,,,,,,,,,,,,,,,,,,,,,,,,,,,,,,,,,,,,,,,,,,,,,,,,,,,,,,,,,,,,,,,,,,,,,,,,,,,,,,,,,,,,,,,,,,,,,,,,,,,,,,75,2,3,1,1,4,1,1,01085,792163,5123,
2021-02-23 13:30:13,2021-02-23 13:30:38,0,*******,100,25,1,2021-02-23 13:30:39,R_1Fmv2fhmt6LpTZT,*******,*******,*******,*******,*******,*******,anonymous,EN,Safari,4.0,Android 10,360x740,1,,1,1,,,,1,,,1,,,,,,,,,,,,,,,,,,,,,,,,,,,,,,,,,,,,,,,,,,,,,,,,,,,,,,,,,,,,,,,,,,,,,,,,,,,,,,,,,,,,,,,,,,,,,,,,,,,,,,,,,,,,,,,,,,,,,,,,,,,,,,,,,,,,,,,,,,,,,,,,,,,,,,,,,,,,,,,,,,,,,,,,,,,,,,,,,,,,,,,,,,,,,,,,,,,,,62,2,3,1,1,6,2,3,19901,840157,5123,
2021-02-23 13:34:03,2021-02-23 13:34:39,0,*******,100,36,1,2021-02-23 13:34:40,R_w617Yc03V33BhEl,*******,*******,*******,*******,*******,*******,anonymous,EN,Safari,14.0.2,Macintosh,1920x1080,,1,,,1,,,,,,,,1,LinkedIn,,,,,,,,,,,,,,,,,,,,,,,,,,,,,,,,,,,,,,,,,,,,,,,,,,,,,,,,,,,,,,,,,,,,,,,,,,,,,,,,,,,,,,,,,,,,,,,,,,,,,,,,,,,,,,,,,,,,,,,,,,,,,,,,,,,,,,,,,,,,,,,,,,,,,,,,,,,,,,,,,,,,,,,,,,,,,,,,,,,,,,,,,,,,,,,,,,78,2,9,1,1,7,,4,90403,552559,5123,
2021-02-23 13:39:42,2021-02-23 13:40:24,0,*******,100,41,1,2021-02-23 13:40:24,R_1kIiMeoqYVAHQGV,*******,*******,*******,*******,*******,*******,anonymous,EN,Chrome,88.0.4324.182,Windows NT 10.0,1600x900,1,1,,1,,,,,,,,,1,none,,,,,,,,,,,,,,,,,,,,,,,,,,,,,,,,,,,,,,,,,,,,,,,,,,,,,,,,,,,,,,,,,,,,,,,,,,,,,,,,,,,,,,,,,,,,,,,,,,,,,,,,,,,,,,,,,,,,,,,,,,,,,,,,,,,,,,,,,,,,,,,,,,,,,,,,,,,,,,,,,,,,,,,,,,,,,,,,,,,,,,,,,,,,,,,,,,73,1,10,1,1,9,,4,97447,576312,5123,
2021-02-23 13:41:22,2021-02-23 13:42:49,0,*******,100,86,1,2021-02-23 13:42:49,R_RQu3vg0unbDiYSJ,*******,*******,*******,*******,*******,*******,anonymous,EN,Chrome,87.0.4280.152,CrOS x86_64 13505.111.0,1092x614,1,,1,,,,,1,1,1,1,,,,8,50,20,2,7,3,1.972,3.629,4.782,2,2,1.674,2.458,2.908,2,3,1.663,1.663,2.47,1,1,0.645,0.645,2.402,1,2,1.091,2.148,2.731,2,19,2,,1,2,,1,,,,,,3,,3,2,3,1,5,1,2,2,3,,,,,,,,,,,,,,,,,,,,,,,,,,,,,,,,,,,,,,,,,,,,,,,,,,,,,,,,,,,,,,,,,,,,,,,,,,,,,,,,,,,,,,,,,,,,,,,,,,,,,,,,,,,,,,,,,,,,,,,,,,,,,,,,,,,,,,,,,,,,,19,2,3,2,1,3,3,4,85301,17582,5123,1
2021-02-23 13:40:04,2021-02-23 13:43:27,0,*******,100,202,1,2021-02-23 13:43:27,R_1nTSUnpkP2sAtgT,*******,*******,*******,*******,*******,*******,anonymous,EN,Chrome,88.0.4324.190,Windows NT 10.0,1920x1080,1,,,,,,,1,,,,,,,,,,,,,,,,,,,,,,,,,,,,,,,,,,,,,,,,,,,,,,,,,,,,,,,,,,,,,,,,,,,,,,,,,,,,,,,,,,,,,,,,,,,,,,,,,,,,,,,,,,,,,,,,,,,,,,,,,,,,,,,,,,,,,,,,,,,,,,,,,,,,,,,,,,,,,,,,,,,,,,,,,,,,,,,,,,,,,,,,,,,,,,,,,,,,,,,,68,1,24,1,1,10,1,4,92110,425568,5123,
2021-02-23 13:46:00,2021-02-23 13:46:52,0,*******,100,52,1,2021-02-23 13:46:52,R_2Yyrrafo07H5Glj,*******,*******,*******,*******,*******,*******,anonymous,EN,Safari iPhone,14.0.3,iPhone,375x812,,1,,1,1,,,1,,,1,,,,,,,,,,,,,,,,,,,,,,,,,,,,,,,,,,,,,,,,,,,,,,,,,,,,,,,,,,,,,,,,,,,,,,,,,,,,,,,,,,,,,,,,,,,,,,,,,,,,,,,,,,,,,,,,,,,,,,,,,,,,,,,,,,,,,,,,,,,,,,,,,,,,,,,,,,,,,,,,,,,,,,,,,,,,,,,,,,,,,,,,,,,,,,,,,,,,,70,2,22,1,1,10,1,1,02816,65436,5123,
2021-02-23 13:49:43,2021-02-23 13:50:45,0,*******,100,62,1,2021-02-23 13:50:46,R_2zUO9uAnNtDntu2,*******,*******,*******,*******,*******,*******,anonymous,EN,Edge,88.0.705.74,Windows NT 10.0,1366x768,,,,1,,,,,,,,,1,None,,,,,,,,,,,,,,,,,,,,,,,,,,,,,,,,,,,,,,,,,,,,,,,,,,,,,,,,,,,,,,,,,,,,,,,,,,,,,,,,,,,,,,,,,,,,,,,,,,,,,,,,,,,,,,,,,,,,,,,,,,,,,,,,,,,,,,,,,,,,,,,,,,,,,,,,,,,,,,,,,,,,,,,,,,,,,,,,,,,,,,,,,,,,,,,,,,70,1,22,1,1,10,1,1,10710,568309,5123,
2021-02-23 14:00:35,2021-02-23 14:01:27,0,*******,100,52,1,2021-02-23 14:01:33,R_02qMy5scYo05hCx,*******,*******,*******,*******,*******,*******,anonymous,EN,Chrome,88.0.4324.182,Windows NT 10.0,1600x900,,,,1,,,,1,,,,,,,,,,,,,,,,,,,,,,,,,,,,,,,,,,,,,,,,,,,,,,,,,,,,,,,,,,,,,,,,,,,,,,,,,,,,,,,,,,,,,,,,,,,,,,,,,,,,,,,,,,,,,,,,,,,,,,,,,,,,,,,,,,,,,,,,,,,,,,,,,,,,,,,,,,,,,,,,,,,,,,,,,,,,,,,,,,,,,,,,,,,,,,,,,,,,,,,,69,2,5,1,1,4,1,1,11931,649518,5123,
2021-02-23 13:59:34,2021-02-23 14:02:31,0,*******,100,176,1,2021-02-23 14:02:33,R_1jHt62BzwrSPF1H,*******,*******,*******,*******,*******,*******,anonymous,EN,Chrome,88.0.4324.181,Android 8.0.0,360x720,,1,1,1,,,,1,1,,1,,,,8,50,20,2,8,3,3.461,3.461,4.449,1,1,3.554,3.554,4.858,1,3,2.746,2.746,3.489,1,1,4.475,4.475,5.131,1,3,3.945,3.945,5.001,1,68,1,,2,3,1,,,,,,,2,,4,4,4,1,5,2,2,1,5,,,,,,,,,,,,,,,,,,,,,,,,,,,,,,,,,,,,,,,,,,,,,,,,,,,,,,,,,,,,,,,,,,,,,,,,,,,,,,,,,,,,,,,,,,,,,,,,,,,,,,,,,,,,,,,,,,,,,,,,,,,,,,,,,,,,,,,,,,,,,68,1,6,1,1,4,2,1,07522,247601,5123,1
2021-02-23 14:05:17,2021-02-23 14:05:43,0,*******,100,25,1,2021-02-23 14:05:44,R_3lJmZvcenP6eDow,*******,*******,*******,*******,*******,*******,anonymous,EN,Chrome,88.0.4324.182,Windows NT 10.0,1600x900,,,,,,1,None,,,,,,1,None,,,,,,,,,,,,,,,,,,,,,,,,,,,,,,,,,,,,,,,,,,,,,,,,,,,,,,,,,,,,,,,,,,,,,,,,,,,,,,,,,,,,,,,,,,,,,,,,,,,,,,,,,,,,,,,,,,,,,,,,,,,,,,,,,,,,,,,,,,,,,,,,,,,,,,,,,,,,,,,,,,,,,,,,,,,,,,,,,,,,,,,,,,,,,,,,,,72,2,8,2,1,4,1,1,07111,604584,5123,
2021-02-23 14:08:32,2021-02-23 14:08:57,0,*******,100,25,1,2021-02-23 14:08:58,R_2abKzvk6Tkg9tWy,*******,*******,*******,*******,*******,*******,anonymous,EN,Edge,88.0.705.74,Windows NT 10.0,1536x864,1,1,,,1,,,1,,,,,1,You Tube,,,,,,,,,,,,,,,,,,,,,,,,,,,,,,,,,,,,,,,,,,,,,,,,,,,,,,,,,,,,,,,,,,,,,,,,,,,,,,,,,,,,,,,,,,,,,,,,,,,,,,,,,,,,,,,,,,,,,,,,,,,,,,,,,,,,,,,,,,,,,,,,,,,,,,,,,,,,,,,,,,,,,,,,,,,,,,,,,,,,,,,,,,,,,,,,,,68,1,13,1,1,7,2,2,53532,3600,5123,
